url_path,views_total,views_unique
/cubicleguy/ess_iio/blob/main/epson-iiostream/epson-iiostream.c,9,2
/cubicleguy/ess_iio/tree/main/epson-iiostream,9,2
/cubicleguy/ess_iio/tree/main,6,2
/cubicleguy/ess_iio/tree/main/imu_iio_driver/epson,6,2
/cubicleguy/ess_iio/blob/main/imu_iio_driver/epson/epson_buffer.c,5,1
/cubicleguy/ess_iio/tree/main/imu_iio_driver,3,2
/cubicleguy/ess_iio/blob/main/imu_iio_driver/epson/epson_imus_core.c,3,1
/cubicleguy/ess_iio,2,1
/cubicleguy/ess_iio/blob/main/epson-iiostream/CMakeLists.txt,1,1
/cubicleguy/ess_iio/blob/main/imu_iio_driver/epson/epson.c,1,1
